{"$schema":"http://schema.management.azure.com/schemas/2015-01-01/deploymentTemplate.json#","contentVersion":"1.0.0.0","parameters":{},"variables":{},"resources":[{"name":"banking_de_pipeline","type":"pipelines","apiVersion":"2018-06-01","properties":{"activities":[{"name":"bronze_nb","type":"TridentNotebook","dependsOn":[],"policy":{"timeout":"0.12:00:00","retry":1,"retryIntervalInSeconds":30,"secureOutput":false,"secureInput":false},"typeProperties":{"notebookId":"f8343788-2c60-41fb-8912-0ae1500cf83f","workspaceId":"59150e36-61d5-414d-ba55-8e37d93d1222"}},{"name":"bronze_data_validation","type":"TridentNotebook","dependsOn":[{"activity":"bronze_nb","dependencyConditions":["Succeeded"]}],"policy":{"timeout":"0.12:00:00","retry":0,"retryIntervalInSeconds":30,"secureOutput":false,"secureInput":false},"typeProperties":{"notebookId":"c84881c4-161f-4043-bfff-3d4e0bcbd6ee","workspaceId":"59150e36-61d5-414d-ba55-8e37d93d1222"}},{"name":"silver_nb","type":"TridentNotebook","dependsOn":[{"activity":"bronze_data_validation","dependencyConditions":["Succeeded"]}],"policy":{"timeout":"0.12:00:00","retry":0,"retryIntervalInSeconds":30,"secureOutput":false,"secureInput":false},"typeProperties":{"notebookId":"168c48ac-26a8-48ff-8de1-7e04440f9658","workspaceId":"59150e36-61d5-414d-ba55-8e37d93d1222"}},{"name":"scd_customer_dim","type":"TridentNotebook","dependsOn":[{"activity":"silver_nb","dependencyConditions":["Succeeded"]}],"policy":{"timeout":"0.12:00:00","retry":0,"retryIntervalInSeconds":30,"secureOutput":false,"secureInput":false},"typeProperties":{"notebookId":"621f0c74-669b-46f8-9112-7499363c8244","workspaceId":"59150e36-61d5-414d-ba55-8e37d93d1222"}},{"name":"nb_enrichment","type":"TridentNotebook","dependsOn":[{"activity":"scd_customer_dim","dependencyConditions":["Succeeded"]}],"policy":{"timeout":"0.12:00:00","retry":0,"retryIntervalInSeconds":30,"secureOutput":false,"secureInput":false},"typeProperties":{"notebookId":"9859eda7-62e2-4ba0-9411-cc1cc3822fc9","workspaceId":"59150e36-61d5-414d-ba55-8e37d93d1222"}},{"name":"nb_gold_publish","type":"TridentNotebook","dependsOn":[{"activity":"nb_enrichment","dependencyConditions":["Succeeded"]}],"policy":{"timeout":"0.12:00:00","retry":0,"retryIntervalInSeconds":30,"secureOutput":false,"secureInput":false},"typeProperties":{"notebookId":"db394f90-1c7c-4fcc-95a9-b899c2efc00f","workspaceId":"59150e36-61d5-414d-ba55-8e37d93d1222"}},{"name":"data_audit","type":"TridentNotebook","dependsOn":[{"activity":"nb_gold_publish","dependencyConditions":["Succeeded"]}],"policy":{"timeout":"0.12:00:00","retry":0,"retryIntervalInSeconds":30,"secureOutput":false,"secureInput":false},"typeProperties":{"notebookId":"8631f178-b6e7-4613-8bee-da49bed633de","workspaceId":"59150e36-61d5-414d-ba55-8e37d93d1222"}}],"lastModifiedByObjectId":"fb73b124-999b-48f3-ac2d-6ecbb7c9a0aa","lastPublishTime":"2025-12-29T19:06:22Z"},"dependsOn":[]}]}